<?xml version="1.0" encoding="UTF-8" standalone="yes"?>
<addon id="repository.Henry" name="Henry Repo" version="1.0" provider-name="Henry Richard">
	<extension point="xbmc.addon.repository" name="Henry Richard Repo">
		<dir>
			<info compressed="false">https://raw.githubusercontent.com/henry-richard7/Kodi-Repos/main/addons.xml</info>
			<checksum>https://raw.githubusercontent.com/henry-richard7/Kodi-Repos/main/addons.xml.md5</checksum>
			<datadir zip="true">https://raw.githubusercontent.com/henry-richard7/Kodi-Repos/main/repos/</datadir>
		</dir>
	</extension>
	<extension point="xbmc.addon.metadata">
		<summary lang="en"></summary>
		<description lang="en"></description>
		<genre></genre>
		<assets>
            <icon>icon.png</icon>
            <fanart>fanart.jpg</fanart>
        </assets>
	</extension>
</addon>
